id,name,ancestry,size_group_id
1,レディース,,
2,メンズ,,
3,ベビー・キッズ,,
4,インテリア・住まい・小物,,
5,本・音楽・ゲーム,,
6,おもちゃ・ホビー・グッズ,,
7,コスメ・香水・美容,,
8,家電・スマホ・カメラ,,
9,スポーツ・レジャー,,
10,ハンドメイド,,
11,チケット,,
12,自動車・オートバイ,,
13,その他,,
14,トップス,1,
15,ジャケット/アウター,1,
16,パンツ,1,
17,スカート,1,
18,ワンピース,1,
19,靴,1,
20,ルームウェア/パジャマ,1,
21,レッグウェア,1,
22,帽子,1,
23,バッグ,1,
24,アクセサリー,1,
25,ヘアアクセサリー,1,
26,小物,1,
27,時計,1,
28,ウィッグ/エクステ,1,
29,浴衣/水着,1,
30,スーツ/フォーマル/ドレス,1,
31,マタニティ,1,
32,その他,1,
33,トップス,2,
34,ジャケット/アウター,2,
35,パンツ,2,
36,靴,2,
37,バッグ,2,
38,スーツ,2,
39,帽子,2,
40,アクセサリー,2,
41,小物,2,
42,時計,2,
43,水着,2,
44,レッグウェア,2,
45,アンダーウェア,2,
46,その他,2,
47,ベビー服(女の子用)  ~95cm,3,
48,ベビー服(男の子用)  ~95cm,3,
49,ベビー服(男女兼用)  ~95cm,3,
50,キッズ服(女の子用) 100cm~,3,
51,キッズ服(男の子用) 100cm~,3,
52,キッズ服(男女兼用) 100cm~,3,
53,キッズ靴,3,
54,子ども用ファッション小物,3,
55,おむつ/トイレ/バス,3,
56,外出/移動用品,3,
57,授乳/食事,3,
58,ベビー家具/寝具/室内用品,3,
59,おもちゃ,3,
60,行事/記念品,3,
61,その他,3,
62,キッチン/食器,4,
63,ベッド/マットレス,4,
64,ソファ/ソファベッド,4,
65,椅子/チェア,4,
66,机/テーブル,4,
67,収納家具,4,
68,ラグ/カーペット/マット,4,
69,カーテン/ブラインド,4,
70,ライト/照明,4,
71,寝具,4,
72,インテリア小物,4,
73,季節/年中行事,4,
74,その他,4,
75,本,5,
76,漫画,5,
77,雑誌,5,
78,CD,5,
79,DVD/ブルーレイ,5,
80,レコード,5,
81,テレビゲーム,5,
82,おもちゃ,6,
83,タレントグッズ,6,
84,コミック/アニメグッズ,6,
85,トレーディングカード,6,
86,フィギュア,6,
87,楽器/器材,6,
88,コレクション,6,
89,ミリタリー,6,
90,美術品,6,
91,アート用品,6,
92,その他,6,
93,ベースメイク,7,
94,メイクアップ,7,
95,ネイルケア,7,
96,香水,7,
97,スキンケア/基礎化粧品,7,
98,ヘアケア,7,
99,ボディケア,7,
100,オーラルケア,7,
101,リラクゼーション,7,
102,ダイエット,7,
103,その他,7,
104,スマートフォン/携帯電話,8,
105,スマホアクセサリー,8,
106,PC/タブレット,8,
107,カメラ,8,
108,テレビ/映像機器,8,
109,オーディオ機器,8,
110,美容/健康,8,
111,冷暖房/空調,8,
112,生活家電,8,
113,その他,8,
114,ゴルフ,9,
115,フィッシング,9,
116,自転車,9,
117,トレーニング/エクササイズ,9,
118,野球,9,
119,サッカー/フットサル,9,
120,テニス,9,
121,スノーボード,9,
122,スキー,9,
123,その他スポーツ,9,
124,アウトドア,9,
125,その他,9,
126,アクセサリー(女性用),10,
127,ファッション/小物,10,
128,アクセサリー/時計,10,
129,日用品/インテリア,10,
130,趣味/おもちゃ,10,
131,キッズ/ベビー,10,
132,素材/材料,10,
133,二次創作物,10,
134,その他,10,
135,音楽,11,
136,スポーツ,11,
137,演劇/芸能,11,
138,イベント,11,
139,映画,11,
140,施設利用券,11,
141,優待券/割引券,11,
142,その他,11,
143,自動車本体,12,
144,自動車タイヤ/ホイール,12,
145,自動車パーツ,12,
146,自動車アクセサリー,12,
147,オートバイ車体,12,
148,オートバイパーツ,12,
149,オートバイアクセサリー,12,
150,まとめ売り,13,
151,ペット用品,13,
152,食品,13,
153,飲料/酒,13,
154,日用品/生活雑貨/旅行,13,
155,アンティーク/コレクション,13,
156,文房具/事務用品,13,
157,事務/店舗用品,13,
158,その他,13,
159,Tシャツ/カットソー(半袖/袖なし),1/14,1
160,Tシャツ/カットソー(七分/長袖),1/14,1
161,シャツ/ブラウス(半袖/袖なし),1/14,1
162,シャツ/ブラウス(七分/長袖),1/14,1
163,ポロシャツ,1/14,1
164,キャミソール,1/14,1
165,タンクトップ,1/14,1
166,ホルターネック,1/14,1
167,ニット/セーター,1/14,1
168,チュニック,1/14,1
169,カーディガン/ボレロ,1/14,1
170,アンサンブル,1/14,1
171,ベスト/ジレ,1/14,1
172,パーカー,1/14,1
173,トレーナー/スウェット,1/14,1
174,ベアトップ/チューブトップ,1/14,1
175,ジャージ,1/14,1
176,その他,1/14,1
177,テーラードジャケット,1/15,1
178,ノーカラージャケット,1/15,1
179,Gジャン/デニムジャケット,1/15,1
180,レザージャケット,1/15,1
181,ダウンジャケット,1/15,1
182,ライダースジャケット,1/15,1
183,ミリタリージャケット,1/15,1
184,ダウンベスト,1/15,1
185,ジャンパー/ブルゾン,1/15,1
186,ポンチョ,1/15,1
187,ロングコート,1/15,1
188,トレンチコート,1/15,1
189,ダッフルコート,1/15,1
190,ピーコート,1/15,1
191,チェスターコート,1/15,1
192,モッズコート,1/15,1
193,スタジャン,1/15,1
194,毛皮/ファーコート,1/15,1
195,スプリングコート,1/15,1
196,スカジャン,1/15,1
197,その他,1/15,1
198,デニム/ジーンズ,1/16,1
199,ショートパンツ,1/16,1
200,カジュアルパンツ,1/16,1
201,ハーフパンツ,1/16,1
202,チノパン,1/16,1
203,ワークパンツ/カーゴパンツ,1/16,1
204,クロップドパンツ,1/16,1
205,サロペット/オーバーオール,1/16,1
206,オールインワン,1/16,1
207,サルエルパンツ,1/16,1
208,ガウチョパンツ,1/16,1
209,その他,1/16,1
210,ミニスカート,1/17,1
211,ひざ丈スカート,1/17,1
212,ロングスカート,1/17,1
213,キュロット,1/17,1
214,その他,1/17,1
215,ミニワンピース,1/18,1
216,ひざ丈ワンピース,1/18,1
217,ロングワンピース,1/18,1
218,その他,1/18,1
219,ハイヒール/パンプス,1/19,3
220,ブーツ,1/19,3
221,サンダル,1/19,3
222,スニーカー,1/19,3
223,ミュール,1/19,3
224,モカシン,1/19,3
225,ローファー/革靴,1/19,3
226,フラットシューズ/バレエシューズ,1/19,3
227,長靴/レインシューズ,1/19,3
228,その他,1/19,3
229,パジャマ,1/20,1
230,ルームウェア,1/20,1
231,その他,1/20,1
232,ソックス,1/21,
233,スパッツ/レギンス,1/21,
234,ストッキング/タイツ,1/21,
235,レッグウォーマー,1/21,
236,その他,1/21,
237,ニットキャップ/ビーニー,1/22,
238,ハット,1/22,
239,ハンチング/ベレー帽,1/22,
240,キャップ,1/22,
241,キャスケット,1/22,
242,麦わら帽子,1/22,
243,その他,1/22,
244,ハンドバッグ,1/23,
245,トートバッグ,1/23,
246,エコバッグ,1/23,
247,リュック/バックパック,1/23,
248,ボストンバッグ,1/23,
249,スポーツバッグ,1/23,
250,ショルダーバッグ,1/23,
251,クラッチバッグ,1/23,
252,ポーチ/バニティ,1/23,
253,ボディバッグ/ウェストバッグ,1/23,
254,マザーズバッグ,1/23,
255,メッセンジャーバッグ,1/23,
256,ビジネスバッグ,1/23,
257,旅行用バッグ/キャリーバッグ,1/23,
258,ショップ袋,1/23,
259,和装用バッグ,1/23,
260,かごバッグ,1/23,
261,その他,1/23,
262,ネックレス,1/24,
263,ブレスレット,1/24,
264,バングル/リストバンド,1/24,
265,リング,1/24,
266,ピアス(片耳用),1/24,
267,ピアス(両耳用),1/24,
268,イヤリング,1/24,
269,アンクレット,1/24,
270,ブローチ/コサージュ,1/24,
271,チャーム,1/24,
272,その他,1/24,
273,ヘアゴム/シュシュ,1/25,
274,ヘアバンド/カチューシャ,1/25,
275,ヘアピン,1/25,
276,その他,1/25,
277,長財布,1/26,
278,折り財布,1/26,
279,コインケース/小銭入れ,1/26,
280,名刺入れ/定期入れ,1/26,
281,キーケース,1/26,
282,キーホルダー,1/26,
283,手袋/アームカバー,1/26,
284,ハンカチ,1/26,
285,ベルト,1/26,
286,マフラー/ショール,1/26,
287,ストール/スヌード,1/26,
288,バンダナ/スカーフ,1/26,
289,ネックウォーマー,1/26,
290,サスペンダー,1/26,
291,サングラス/メガネ,1/26,
292,モバイルケース/カバー,1/26,
293,手帳,1/26,
294,イヤマフラー,1/26,
295,傘,1/26,
296,レインコート/ポンチョ,1/26,
297,ミラー,1/26,
298,タバコグッズ,1/26,
299,その他,1/26,
300,腕時計(アナログ),1/27,
301,腕時計(デジタル),1/27,
302,ラバーベルト,1/27,
303,レザーベルト,1/27,
304,金属ベルト,1/27,
305,その他,1/27,
306,前髪ウィッグ,1/28,
307,ロングストレート,1/28,
308,ロングカール,1/28,
309,ショートストレート,1/28,
310,ショートカール,1/28,
311,その他,1/28,
312,浴衣,1/29,
313,着物,1/29,
314,振袖,1/29,
315,長襦袢/半襦袢,1/29,
316,水着セパレート,1/29,1
317,水着ワンピース,1/29,1
318,水着スポーツ用,1/29,1
319,その他,1/29,
320,スカートスーツ上下,1/30,1
321,パンツスーツ上下,1/30,1
322,ドレス,1/30,1
323,パーティーバッグ,1/30,
324,シューズ,1/30,
325,ウェディング,1/30,
326,その他,1/30,
327,トップス,1/31,1
328,アウター,1/31,1
329,インナー,1/31,1
330,ワンピース,1/31,1
331,パンツ/スパッツ,1/31,1
332,スカート,1/31,1
333,パジャマ,1/31,1
334,授乳服,1/31,1
335,その他,1/31,
336,コスプレ,1/32,
337,下着,1/32,
338,その他,1/32,
339,Tシャツ/カットソー(半袖/袖なし),2/33,1
340,Tシャツ/カットソー(七分/長袖),2/33,1
341,シャツ,2/33,1
342,ポロシャツ,2/33,1
343,タンクトップ,2/33,1
344,ニット/セーター,2/33,1
345,パーカー,2/33,1
346,カーディガン,2/33,1
347,スウェット,2/33,1
348,ジャージ,2/33,1
349,ベスト,2/33,1
350,その他,2/33,1
351,テーラードジャケット,2/34,1
352,ノーカラージャケット,2/34,1
353,Gジャン/デニムジャケット,2/34,1
354,レザージャケット,2/34,1
355,ダウンジャケット,2/34,1
356,ライダースジャケット,2/34,1
357,ミリタリージャケット,2/34,1
358,ナイロンジャケット,2/34,1
359,フライトジャケット,2/34,1
360,ダッフルコート,2/34,1
361,ピーコート,2/34,1
362,ステンカラーコート,2/34,1
363,トレンチコート,2/34,1
364,モッズコート,2/34,1
365,チェスターコート,2/34,1
366,スタジャン,2/34,1
367,スカジャン,2/34,1
368,ブルゾン,2/34,1
369,マウンテンパーカー,2/34,1
370,ダウンベスト,2/34,1
371,ポンチョ,2/34,1
372,カバーオール,2/34,1
373,その他,2/34,1
374,デニム/ジーンズ,2/35,1
375,ワークパンツ/カーゴパンツ,2/35,1
376,スラックス,2/35,1
377,チノパン,2/35,1
378,ショートパンツ,2/35,1
379,ペインターパンツ,2/35,1
380,サルエルパンツ,2/35,1
381,オーバーオール,2/35,1
382,その他,2/35,1
383,スニーカー,2/36,2
384,サンダル,2/36,2
385,ブーツ,2/36,2
386,モカシン,2/36,2
387,ドレス/ビジネス,2/36,2
388,長靴/レインシューズ,2/36,2
389,デッキシューズ,2/36,2
390,その他,2/36,2
391,ショルダーバッグ,2/37,
392,トートバッグ,2/37,
393,ボストンバッグ,2/37,
394,リュック/バックパック,2/37,
395,ウエストポーチ,2/37,
396,ボディーバッグ,2/37,
397,ドラムバッグ,2/37,
398,ビジネスバッグ,2/37,
399,トラベルバッグ,2/37,
400,メッセンジャーバッグ,2/37,
401,エコバッグ,2/37,
402,その他,2/37,
403,スーツジャケット,2/38,1
404,スーツベスト,2/38,1
405,スラックス,2/38,1
406,セットアップ,2/38,1
407,その他,2/38,
408,キャップ,2/39,
409,ハット,2/39,
410,ニットキャップ/ビーニー,2/39,
411,ハンチング/ベレー帽,2/39,
412,キャスケット,2/39,
413,サンバイザー,2/39,
414,その他,2/39,
415,ネックレス,2/40,
416,ブレスレット,2/40,
417,バングル/リストバンド,2/40,
418,リング,2/40,
419,ピアス(片耳用),2/40,
420,ピアス(両耳用),2/40,
421,アンクレット,2/40,
422,その他,2/40,
423,長財布,2/41,
424,折り財布,2/41,
425,マネークリップ,2/41,
426,コインケース/小銭入れ,2/41,
427,名刺入れ/定期入れ,2/41,
428,キーケース,2/41,
429,キーホルダー,2/41,
430,ネクタイ,2/41,
431,手袋,2/41,
432,ハンカチ,2/41,
433,ベルト,2/41,
434,マフラー,2/41,
435,ストール,2/41,
436,バンダナ,2/41,
437,ネックウォーマー,2/41,
438,サスペンダー,2/41,
439,ウォレットチェーン,2/41,
440,サングラス/メガネ,2/41,
441,モバイルケース/カバー,2/41,
442,手帳,2/41,
443,ストラップ,2/41,
444,ネクタイピン,2/41,
445,カフリンクス,2/41,
446,イヤマフラー,2/41,
447,傘,2/41,
448,レインコート,2/41,
449,ミラー,2/41,
450,タバコグッズ,2/41,
451,その他,2/41,
452,腕時計(アナログ),2/42,
453,腕時計(デジタル),2/42,
454,ラバーベルト,2/42,
455,レザーベルト,2/42,
456,金属ベルト,2/42,
457,その他,2/42,
458,一般水着,2/43,1
459,スポーツ用,2/43,1
460,アクセサリー,2/43,
461,その他,2/43,
462,ソックス,2/44,
463,レギンス/スパッツ,2/44,
464,レッグウォーマー,2/44,
465,その他,2/44,
466,トランクス,2/45,
467,ボクサーパンツ,2/45,
468,その他,2/45,
469,その他,2/46,
470,トップス,3/47,5
471,アウター,3/47,5
472,パンツ,3/47,5
473,スカート,3/47,5
474,ワンピース,3/47,5
475,ベビードレス,3/47,5
476,おくるみ,3/47,5
477,下着/肌着,3/47,5
478,パジャマ,3/47,5
479,ロンパース,3/47,5
480,その他,3/47,5
481,トップス,3/48,5
482,アウター,3/48,5
483,パンツ,3/48,5
484,おくるみ,3/48,5
485,下着/肌着,3/48,5
486,パジャマ,3/48,5
487,ロンパース,3/48,5
488,その他,3/48,5
489,トップス,3/49,5
490,アウター,3/49,5
491,パンツ,3/49,5
492,おくるみ,3/49,5
493,下着/肌着,3/49,5
494,パジャマ,3/49,5
495,ロンパース,3/49,5
496,その他,3/49,5
497,コート,3/50,7
498,ジャケット/上着,3/50,7
499,トップス(Tシャツ/カットソー),3/50,7
500,トップス(トレーナー),3/50,7
501,トップス(チュニック),3/50,7
502,トップス(タンクトップ),3/50,7
503,トップス(その他),3/50,7
504,スカート,3/50,7
505,パンツ,3/50,7
506,ワンピース,3/50,7
507,セットアップ,3/50,7
508,パジャマ,3/50,7
509,フォーマル/ドレス,3/50,7
510,和服,3/50,7
511,浴衣,3/50,7
512,甚平,3/50,7
513,水着,3/50,7
514,その他,3/50,7
515,コート,3/51,7
516,ジャケット/上着,3/51,7
517,トップス(Tシャツ/カットソー),3/51,7
518,トップス(トレーナー),3/51,7
519,トップス(その他),3/51,7
520,パンツ,3/51,7
521,セットアップ,3/51,7
522,パジャマ,3/51,7
523,フォーマル/ドレス,3/51,7
524,和服,3/51,7
525,浴衣,3/51,7
526,甚平,3/51,7
527,水着,3/51,7
528,その他,3/51,7
529,コート,3/52,7
530,ジャケット/上着,3/52,7
531,トップス(Tシャツ/カットソー),3/52,7
532,トップス(トレーナー),3/52,7
533,トップス(その他),3/52,7
534,ボトムス,3/52,7
535,パジャマ,3/52,7
536,その他,3/52,7
537,スニーカー,3/53,6
538,サンダル,3/53,6
539,ブーツ,3/53,6
540,長靴,3/53,6
541,その他,3/53,6
542,靴下/スパッツ,3/54,
543,帽子,3/54,
544,エプロン,3/54,
545,サスペンダー,3/54,
546,タイツ,3/54,
547,ハンカチ,3/54,
548,バンダナ,3/54,
549,ベルト,3/54,
550,マフラー,3/54,
551,傘,3/54,
552,手袋,3/54,
553,スタイ,3/54,
554,バッグ,3/54,
555,その他,3/54,
556,おむつ用品,3/55,
557,おまる/補助便座,3/55,
558,トレーニングパンツ,3/55,
559,ベビーバス,3/55,
560,お風呂用品,3/55,
561,その他,3/55,
562,ベビーカー,3/56,
563,抱っこひも/スリング,3/56,
564,チャイルドシート,3/56,
565,その他,3/56,
566,ミルク,3/57,
567,ベビーフード,3/57,
568,ベビー用食器,3/57,
569,その他,3/57,
570,ベッド,3/58,
571,布団/毛布,3/58,
572,イス,3/58,
573,たんす,3/58,
574,その他,3/58,
575,おふろのおもちゃ,3/59,
576,がらがら,3/59,
577,オルゴール,3/59,
578,ベビージム,3/59,
579,手押し車/カタカタ,3/59,
580,知育玩具,3/59,
581,その他,3/59,
582,お宮参り用品,3/60,
583,お食い初め用品,3/60,
584,アルバム,3/60,
585,手形/足形,3/60,
586,その他,3/60,
587,母子手帳用品,3/61,
588,その他,3/61,
589,食器,4/62,
590,調理器具,4/62,
591,収納/キッチン雑貨,4/62,
592,弁当用品,4/62,
593,カトラリー(スプーン等),4/62,
594,テーブル用品,4/62,
595,容器,4/62,
596,エプロン,4/62,
597,アルコールグッズ,4/62,
598,浄水機,4/62,
599,その他,4/62,
600,セミシングルベッド,4/63,
601,シングルベッド,4/63,
602,セミダブルベッド,4/63,
603,ダブルベッド,4/63,
604,ワイドダブルベッド,4/63,
605,クイーンベッド,4/63,
606,キングベッド,4/63,
607,脚付きマットレスベッド,4/63,
608,マットレス,4/63,
609,すのこベッド,4/63,
610,ロフトベッド/システムベッド,4/63,
611,簡易ベッド/折りたたみベッド,4/63,
612,収納付き,4/63,
613,その他,4/63,
614,ソファセット,4/64,
615,シングルソファ,4/64,
616,ラブソファ,4/64,
617,トリプルソファ,4/64,
618,オットマン,4/64,
619,コーナーソファ,4/64,
620,ビーズソファ/クッションソファ,4/64,
621,ローソファ/フロアソファ,4/64,
622,ソファベッド,4/64,
623,応接セット,4/64,
624,ソファカバー,4/64,
625,リクライニングソファ,4/64,
626,その他,4/64,
627,一般,4/65,
628,スツール,4/65,
629,ダイニングチェア,4/65,
630,ハイバックチェア,4/65,
631,ロッキングチェア,4/65,
632,座椅子,4/65,
633,折り畳みイス,4/65,
634,デスクチェア,4/65,
635,その他,4/65,
636,こたつ,4/66,
637,カウンターテーブル,4/66,
638,サイドテーブル,4/66,
639,センターテーブル,4/66,
640,ダイニングテーブル,4/66,
641,座卓/ちゃぶ台,4/66,
642,アウトドア用,4/66,
643,パソコン用,4/66,
644,事務机/学習机,4/66,
645,その他,4/66,
646,リビング収納,4/67,
647,キッチン収納,4/67,
648,玄関/屋外収納,4/67,
649,バス/トイレ収納,4/67,
650,本収納,4/67,
651,本/CD/DVD収納,4/67,
652,洋服タンス/押入れ収納,4/67,
653,電話台/ファックス台,4/67,
654,ドレッサー/鏡台,4/67,
655,棚/ラック,4/67,
656,ケース/ボックス,4/67,
657,その他,4/67,
658,ラグ,4/68,
659,カーペット,4/68,
660,ホットカーペット,4/68,
661,玄関/キッチンマット,4/68,
662,トイレ/バスマット,4/68,
663,その他,4/68,
664,カーテン,4/69,
665,ブラインド,4/69,
666,ロールスクリーン,4/69,
667,のれん,4/69,
668,その他,4/69,
669,蛍光灯/電球,4/70,
670,天井照明,4/70,
671,フロアスタンド,4/70,
672,その他,4/70,
673,布団/毛布,4/71,
674,枕,4/71,
675,シーツ/カバー,4/71,
676,その他,4/71,
677,ごみ箱,4/72,
678,ウェルカムボード,4/72,
679,オルゴール,4/72,
680,クッション,4/72,
681,クッションカバー,4/72,
682,スリッパラック,4/72,
683,ティッシュボックス,4/72,
684,バスケット/かご,4/72,
685,フォトフレーム,4/72,
686,マガジンラック,4/72,
687,モビール,4/72,
688,花瓶,4/72,
689,灰皿,4/72,
690,傘立て,4/72,
691,小物入れ,4/72,
692,置時計,4/72,
693,掛時計/柱時計,4/72,
694,鏡(立て掛け式),4/72,
695,鏡(壁掛け式),4/72,
696,置物,4/72,
697,風鈴,4/72,
698,植物/観葉植物,4/72,
699,その他,4/72,
700,正月,4/73,
701,成人式,4/73,
702,バレンタインデー,4/73,
703,ひな祭り,4/73,
704,子どもの日,4/73,
705,母の日,4/73,
706,父の日,4/73,
707,サマーギフト/お中元,4/73,
708,夏/夏休み,4/73,
709,ハロウィン,4/73,
710,敬老の日,4/73,
711,七五三,4/73,
712,お歳暮,4/73,
713,クリスマス,4/73,
714,冬一般,4/73,
715,その他,4/73,
716,その他,4/74,
717,文学/小説,5/75,
718,人文/社会,5/75,
719,ノンフィクション/教養,5/75,
720,地図/旅行ガイド,5/75,
721,ビジネス/経済,5/75,
722,健康/医学,5/75,
723,コンピュータ/IT,5/75,
724,趣味/スポーツ/実用,5/75,
725,住まい/暮らし/子育て,5/75,
726,アート/エンタメ,5/75,
727,洋書,5/75,
728,絵本,5/75,
729,参考書,5/75,
730,その他,5/75,
731,全巻セット,5/76,
732,少年漫画,5/76,
733,少女漫画,5/76,
734,青年漫画,5/76,
735,女性漫画,5/76,
736,同人誌,5/76,
737,その他,5/76,
738,アート/エンタメ/ホビー,5/77,
739,ファッション,5/77,
740,ニュース/総合,5/77,
741,趣味/スポーツ,5/77,
742,その他,5/77,
743,邦楽,5/78,
744,洋楽,5/78,
745,アニメ,5/78,
746,クラシック,5/78,
747,K-POP/アジア,5/78,
748,キッズ/ファミリー,5/78,
749,その他,5/78,
750,外国映画,5/79,
751,日本映画,5/79,
752,アニメ,5/79,
753,TVドラマ,5/79,
754,ミュージック,5/79,
755,お笑い/バラエティ,5/79,
756,スポーツ/フィットネス,5/79,
757,キッズ/ファミリー,5/79,
758,その他,5/79,
759,邦楽,5/80,
760,洋楽,5/80,
761,その他,5/80,
762,家庭用ゲーム本体,5/81,
763,家庭用ゲームソフト,5/81,
764,携帯用ゲーム本体,5/81,
765,携帯用ゲームソフト,5/81,
766,PCゲーム,5/81,
767,その他,5/81,
768,キャラクターグッズ,6/82,
769,ぬいぐるみ,6/82,
770,小物/アクセサリー,6/82,
771,模型/プラモデル,6/82,
772,ミニカー,6/82,
773,トイラジコン,6/82,
774,プラモデル,6/82,
775,ホビーラジコン,6/82,
776,鉄道模型,6/82,
777,その他,6/82,
778,アイドル,6/83,
779,ミュージシャン,6/83,
780,タレント/お笑い芸人,6/83,
781,スポーツ選手,6/83,
782,その他,6/83,
783,ストラップ,6/84,
784,キーホルダー,6/84,
785,バッジ,6/84,
786,カード,6/84,
787,クリアファイル,6/84,
788,ポスター,6/84,
789,タオル,6/84,
790,その他,6/84,
791,遊戯王,6/85,
792,マジック：ザ・ギャザリング,6/85,
793,ポケモンカードゲーム,6/85,
794,デュエルマスターズ,6/85,
795,バトルスピリッツ,6/85,
796,プリパラ,6/85,
797,アイカツ,6/85,
798,カードファイト!!ヴァンガード,6/85,
799,ヴァイスシュヴァルツ,6/85,
800,プロ野球オーナーズリーグ,6/85,
801,ベースボールヒーローズ,6/85,
802,ドラゴンボール,6/85,
803,スリーブ,6/85,
804,その他,6/85,
805,コミック/アニメ,6/86,
806,特撮,6/86,
807,ゲームキャラクター,6/86,
808,SF/ファンタジー/ホラー,6/86,
809,アメコミ,6/86,
810,スポーツ,6/86,
811,ミリタリー,6/86,
812,その他,6/86,
813,エレキギター,6/87,
814,アコースティックギター,6/87,
815,ベース,6/87,
816,エフェクター,6/87,
817,アンプ,6/87,
818,弦楽器,6/87,
819,管楽器,6/87,
820,鍵盤楽器,6/87,
821,打楽器,6/87,
822,和楽器,6/87,
823,楽譜/スコア,6/87,
824,レコーディング/PA機器,6/87,
825,DJ機器,6/87,
826,DTM/DAW,6/87,
827,その他,6/87,
828,武具,6/88,
829,使用済切手/官製はがき,6/88,
830,旧貨幣/金貨/銀貨/記念硬貨,6/88,
831,印刷物,6/88,
832,ノベルティグッズ,6/88,
833,その他,6/88,
834,トイガン,6/89,
835,個人装備,6/89,
836,その他,6/89,
837,陶芸,6/90,
838,ガラス,6/90,
839,漆芸,6/90,
840,金属工芸,6/90,
841,絵画/タペストリ,6/90,
842,版画,6/90,
843,彫刻/オブジェクト,6/90,
844,書,6/90,
845,写真,6/90,
846,その他,6/90,
847,画材,6/91,
848,額縁,6/91,
849,その他,6/91,
850,トランプ/UNO,6/92,
851,カルタ/百人一首,6/92,
852,ダーツ,6/92,
853,ビリヤード,6/92,
854,麻雀,6/92,
855,パズル/ジグソーパズル,6/92,
856,囲碁/将棋,6/92,
857,オセロ/チェス,6/92,
858,人生ゲーム,6/92,
859,野球/サッカーゲーム,6/92,
860,スポーツ,6/92,
861,三輪車/乗り物,6/92,
862,ヨーヨー,6/92,
863,模型製作用品,6/92,
864,鉄道,6/92,
865,航空機,6/92,
866,アマチュア無線,6/92,
867,パチンコ/パチスロ,6/92,
868,その他,6/92,
869,ファンデーション,7/93,
870,化粧下地,7/93,
871,コントロールカラー,7/93,
872,BBクリーム,7/93,
873,CCクリーム,7/93,
874,コンシーラー,7/93,
875,フェイスパウダー,7/93,
876,トライアルセット/サンプル,7/93,
877,その他,7/93,
878,アイシャドウ,7/94,
879,口紅,7/94,
880,リップグロス,7/94,
881,リップライナー,7/94,
882,チーク,7/94,
883,フェイスカラー,7/94,
884,マスカラ,7/94,
885,アイライナー,7/94,
886,つけまつげ,7/94,
887,アイブロウペンシル,7/94,
888,パウダーアイブロウ,7/94,
889,眉マスカラ,7/94,
890,トライアルセット/サンプル,7/94,
891,メイク道具/化粧小物,7/94,
892,美顔用品/美顔ローラー,7/94,
893,その他,7/94,
894,ネイルカラー,7/95,
895,カラージェル,7/95,
896,ネイルベースコート/トップコート,7/95,
897,ネイルアート用品,7/95,
898,ネイルパーツ,7/95,
899,ネイルチップ/付け爪,7/95,
900,手入れ用具,7/95,
901,除光液,7/95,
902,その他,7/95,
903,香水(女性用),7/96,
904,香水(男性用),7/96,
905,ユニセックス,7/96,
906,ボディミスト,7/96,
907,その他,7/96,
908,化粧水/ローション,7/97,
909,乳液/ミルク,7/97,
910,美容液,7/97,
911,フェイスクリーム,7/97,
912,洗顔料,7/97,
913,クレンジング/メイク落とし,7/97,
914,パック/フェイスマスク,7/97,
915,ジェル/ゲル,7/97,
916,ブースター/導入液,7/97,
917,アイケア,7/97,
918,リップケア,7/97,
919,トライアルセット/サンプル,7/97,
920,洗顔グッズ,7/97,
921,その他,7/97,
922,シャンプー,7/98,
923,トリートメント,7/98,
924,コンディショナー,7/98,
925,リンス,7/98,
926,スタイリング剤,7/98,
927,カラーリング剤,7/98,
928,ブラシ,7/98,
929,その他,7/98,
930,オイル/クリーム,7/99,
931,ハンドクリーム,7/99,
932,ローション,7/99,
933,日焼け止め/サンオイル,7/99,
934,ボディソープ,7/99,
935,入浴剤,7/99,
936,制汗/デオドラント,7/99,
937,フットケア,7/99,
938,その他,7/99,
939,口臭防止/エチケット用品,7/100,
940,歯ブラシ,7/100,
941,その他,7/100,
942,エッセンシャルオイル,7/101,
943,芳香器,7/101,
944,お香/香炉,7/101,
945,キャンドル,7/101,
946,リラクゼーショングッズ,7/101,
947,その他,7/101,
948,ダイエット食品,7/102,
949,エクササイズ用品,7/102,
950,体重計,7/102,
951,体脂肪計,7/102,
952,その他,7/102,
953,健康用品,7/103,
954,看護/介護用品,7/103,
955,救急/衛生用品,7/103,
956,その他,7/103,
957,スマートフォン本体,8/104,
958,バッテリー/充電器,8/104,
959,携帯電話本体,8/104,
960,PHS本体,8/104,
961,その他,8/104,
962,Android用ケース,8/105,
963,iPhone用ケース,8/105,
964,カバー,8/105,
965,イヤホンジャック,8/105,
966,ストラップ,8/105,
967,フィルム,8/105,
968,自撮り棒,8/105,
969,その他,8/105,
970,タブレット,8/106,
971,ノートPC,8/106,
972,デスクトップ型PC,8/106,
973,ディスプレイ,8/106,
974,電子ブックリーダー,8/106,
975,PC周辺機器,8/106,
976,PCパーツ,8/106,
977,その他,8/106,
978,デジタルカメラ,8/107,
979,ビデオカメラ,8/107,
980,レンズ(単焦点),8/107,9
981,レンズ(ズーム),8/107,9
982,フィルムカメラ,8/107,
983,防犯カメラ,8/107,
984,その他,8/107,
985,テレビ,8/108,8
986,プロジェクター,8/108,
987,ブルーレイレコーダー,8/108,
988,DVDレコーダー,8/108,
989,ブルーレイプレーヤー,8/108,
990,DVDプレーヤー,8/108,
991,映像用ケーブル,8/108,
992,その他,8/108,
993,ポータブルプレーヤー,8/109,
994,イヤフォン,8/109,
995,ヘッドフォン,8/109,
996,アンプ,8/109,
997,スピーカー,8/109,
998,ケーブル/シールド,8/109,
999,ラジオ,8/109,
1000,その他,8/109,
1001,ヘアドライヤー,8/110,
1002,ヘアアイロン,8/110,
1003,美容機器,8/110,
1004,電気シェーバー,8/110,
1005,電動歯ブラシ,8/110,
1006,その他,8/110,
1007,エアコン,8/111,
1008,空気清浄器,8/111,
1009,加湿器,8/111,
1010,扇風機,8/111,
1011,除湿機,8/111,
1012,ファンヒーター,8/111,
1013,電気ヒーター,8/111,
1014,オイルヒーター,8/111,
1015,ストーブ,8/111,
1016,ホットカーペット,8/111,
1017,こたつ,8/111,
1018,電気毛布,8/111,
1019,その他,8/111,
1020,冷蔵庫,8/112,
1021,洗濯機,8/112,
1022,炊飯器,8/112,
1023,電子レンジ/オーブン,8/112,
1024,調理機器,8/112,
1025,アイロン,8/112,
1026,掃除機,8/112,
1027,エスプレッソマシン,8/112,
1028,コーヒーメーカー,8/112,
1029,衣類乾燥機,8/112,
1030,その他,8/112,
1031,その他,8/113,
1032,クラブ,9/114,
1033,ウエア(男性用),9/114,
1034,ウエア(女性用),9/114,
1035,バッグ,9/114,
1036,シューズ(男性用),9/114,
1037,シューズ(女性用),9/114,
1038,アクセサリー,9/114,
1039,その他,9/114,
1040,ロッド,9/115,
1041,リール,9/115,
1042,ルアー用品,9/115,
1043,ウエア,9/115,
1044,釣り糸/ライン,9/115,
1045,その他,9/115,
1046,自転車本体,9/116,
1047,ウエア,9/116,
1048,パーツ,9/116,
1049,アクセサリー,9/116,
1050,バッグ,9/116,
1051,工具/メンテナンス,9/116,
1052,その他,9/116,
1053,ランニング,9/117,
1054,ウォーキング,9/117,
1055,ヨガ,9/117,
1056,トレーニング用品,9/117,
1057,その他,9/117,
1058,ウェア,9/118,
1059,シューズ,9/118,
1060,グローブ,9/118,
1061,バット,9/118,
1062,アクセサリー,9/118,
1063,防具,9/118,
1064,練習機器,9/118,
1065,記念グッズ,9/118,
1066,応援グッズ,9/118,
1067,その他,9/118,
1068,ウェア,9/119,
1069,シューズ,9/119,
1070,ボール,9/119,
1071,アクセサリー,9/119,
1072,記念グッズ,9/119,
1073,応援グッズ,9/119,
1074,その他,9/119,
1075,ラケット(硬式用),9/120,
1076,ラケット(軟式用),9/120,
1077,ウェア,9/120,
1078,シューズ,9/120,
1079,ボール,9/120,
1080,アクセサリー,9/120,
1081,記念グッズ,9/120,
1082,応援グッズ,9/120,
1083,その他,9/120,
1084,ボード,9/121,14
1085,バインディング,9/121,
1086,ブーツ(男性用),9/121,2
1087,ブーツ(女性用),9/121,3
1088,ブーツ(子ども用),9/121,6
1089,ウエア/装備(男性用),9/121,1
1090,ウエア/装備(女性用),9/121,1
1091,ウエア/装備(子ども用),9/121,7
1092,アクセサリー,9/121,
1093,バッグ,9/121,
1094,その他,9/121,
1095,板,9/122,13
1096,ブーツ(男性用),9/122,2
1097,ブーツ(女性用),9/122,3
1098,ブーツ(子ども用),9/122,6
1099,ビンディング,9/122,
1100,ウエア(男性用),9/122,1
1101,ウエア(女性用),9/122,1
1102,ウエア(子ども用),9/122,7
1103,ストック,9/122,
1104,その他,9/122,
1105,ダンス/バレエ,9/123,
1106,サーフィン,9/123,
1107,バスケットボール,9/123,
1108,バドミントン,9/123,
1109,バレーボール,9/123,
1110,スケートボード,9/123,
1111,陸上競技,9/123,
1112,ラグビー,9/123,
1113,アメリカンフットボール,9/123,
1114,ボクシング,9/123,
1115,ボウリング,9/123,
1116,その他,9/123,
1117,テント/タープ,9/124,
1118,ライト/ランタン,9/124,
1119,寝袋/寝具,9/124,
1120,テーブル/チェア,9/124,
1121,ストーブ/コンロ,9/124,
1122,調理器具,9/124,
1123,食器,9/124,
1124,登山用品,9/124,
1125,その他,9/124,
1126,旅行用品,9/125,
1127,その他,9/125,
1128,ピアス,10/126,
1129,イヤリング,10/126,
1130,ネックレス,10/126,
1131,ブレスレット,10/126,
1132,リング,10/126,
1133,チャーム,10/126,
1134,ヘアゴム,10/126,
1135,アンクレット,10/126,
1136,その他,10/126,
1137,バッグ(女性用),10/127,
1138,バッグ(男性用),10/127,
1139,財布(女性用),10/127,
1140,財布(男性用),10/127,
1141,ファッション雑貨,10/127,
1142,その他,10/127,
1143,アクセサリー(男性用),10/128,
1144,時計(女性用),10/128,
1145,時計(男性用),10/128,
1146,その他,10/128,
1147,キッチン用品,10/129,
1148,家具,10/129,
1149,文房具,10/129,
1150,アート/写真,10/129,
1151,アロマ/キャンドル,10/129,
1152,フラワー/ガーデン,10/129,
1153,その他,10/129,
1154,クラフト/布製品,10/130,
1155,おもちゃ/人形,10/130,
1156,その他,10/130,
1157,ファッション雑貨,10/131,
1158,スタイ/よだれかけ,10/131,
1159,外出用品,10/131,
1160,ネームタグ,10/131,
1161,その他,10/131,
1162,各種パーツ,10/132,
1163,生地/糸,10/132,
1164,型紙/パターン,10/132,
1165,その他,10/132,
1166,Ingress,10/133,
1167,クリエイターズ宇宙兄弟,10/133,
1168,その他,10/133,
1169,その他,10/134,
1170,男性アイドル,11/135,
1171,女性アイドル,11/135,
1172,韓流,11/135,
1173,国内アーティスト,11/135,
1174,海外アーティスト,11/135,
1175,音楽フェス,11/135,
1176,声優/アニメ,11/135,
1177,その他,11/135,
1178,サッカー,11/136,
1179,野球,11/136,
1180,テニス,11/136,
1181,格闘技/プロレス,11/136,
1182,相撲/武道,11/136,
1183,ゴルフ,11/136,
1184,バレーボール,11/136,
1185,バスケットボール,11/136,
1186,モータースポーツ,11/136,
1187,ウィンタースポーツ,11/136,
1188,その他,11/136,
1189,ミュージカル,11/137,
1190,演劇,11/137,
1191,伝統芸能,11/137,
1192,落語,11/137,
1193,お笑い,11/137,
1194,オペラ,11/137,
1195,サーカス,11/137,
1196,バレエ,11/137,
1197,その他,11/137,
1198,声優/アニメ,11/138,
1199,キッズ/ファミリー,11/138,
1200,トークショー/講演会,11/138,
1201,その他,11/138,
1202,邦画,11/139,
1203,洋画,11/139,
1204,その他,11/139,
1205,遊園地/テーマパーク,11/140,
1206,美術館/博物館,11/140,
1207,スキー場,11/140,
1208,ゴルフ場,11/140,
1209,フィットネスクラブ,11/140,
1210,プール,11/140,
1211,ボウリング場,11/140,
1212,水族館,11/140,
1213,動物園,11/140,
1214,その他,11/140,
1215,ショッピング,11/141,
1216,レストラン/食事券,11/141,
1217,フード/ドリンク券,11/141,
1218,宿泊券,11/141,
1219,その他,11/141,
1220,その他,11/142,
1221,国内自動車本体,12/143,
1222,外国自動車本体,12/143,
1223,その他,12/143,
1224,タイヤ/ホイールセット,12/144,12
1225,タイヤ,12/144,12
1226,ホイール,12/144,12
1227,その他,12/144,12
1228,サスペンション,12/145,
1229,ブレーキ,12/145,
1230,外装、エアロパーツ,12/145,
1231,ライト,12/145,
1232,内装品、シート,12/145,
1233,ステアリング,12/145,
1234,マフラー・排気系,12/145,
1235,エンジン、過給器、冷却装置,12/145,
1236,クラッチ、ミッション、駆動系,12/145,
1237,電装品,12/145,
1238,補強パーツ,12/145,
1239,汎用パーツ,12/145,
1240,外国自動車用パーツ,12/145,
1241,その他,12/145,
1242,車内アクセサリー,12/146,
1243,カーナビ,12/146,
1244,カーオーディオ,12/146,
1245,車外アクセサリー,12/146,
1246,メンテナンス用品,12/146,
1247,チャイルドシート,12/146,
1248,ドライブレコーダー,12/146,
1249,レーダー探知機,12/146,
1250,カタログ/マニュアル,12/146,
1251,セキュリティ,12/146,
1252,ETC,12/146,
1253,その他,12/146,
1254,オートバイ車体,12/147,
1255,その他,12/147,
1256,タイヤ,12/148,
1257,マフラー,12/148,
1258,エンジン、冷却装置,12/148,
1259,カウル、フェンダー、外装,12/148,
1260,サスペンション,12/148,
1261,ホイール,12/148,
1262,シート,12/148,
1263,ブレーキ,12/148,
1264,タンク,12/148,
1265,ライト、ウィンカー,12/148,
1266,チェーン、スプロケット、駆動系,12/148,
1267,メーター,12/148,
1268,電装系,12/148,
1269,ミラー,12/148,
1270,外国オートバイ用パーツ,12/148,
1271,その他,12/148,
1272,ヘルメット/シールド,12/149,11
1273,バイクウエア/装備,12/149,
1274,アクセサリー,12/149,
1275,メンテナンス,12/149,
1276,カタログ/マニュアル,12/149,
1277,その他,12/149,
1278,まとめ売り,13/150,
1279,その他,13/150,
1280,ペットフード,13/151,
1281,犬用品,13/151,
1282,猫用品,13/151,
1283,魚用品/水草,13/151,
1284,小動物用品,13/151,
1285,爬虫類/両生類用品,13/151,
1286,かご/おり,13/151,
1287,鳥用品,13/151,
1288,虫類用品,13/151,
1289,その他,13/151,
1290,菓子,13/152,
1291,米,13/152,
1292,野菜,13/152,
1293,果物,13/152,
1294,調味料,13/152,
1295,魚介類(加工食品),13/152,
1296,肉類(加工食品),13/152,
1297,その他加工食品,13/152,
1298,その他,13/152,
1299,コーヒー,13/153,
1300,ソフトドリンク,13/153,
1301,ミネラルウォーター,13/153,
1302,茶,13/153,
1303,ウイスキー,13/153,
1304,ワイン,13/153,
1305,ブランデー,13/153,
1306,焼酎,13/153,
1307,日本酒,13/153,
1308,ビール、発泡酒,13/153,
1309,その他,13/153,
1310,タオル/バス用品,13/154,
1311,日用品/生活雑貨,13/154,
1312,洗剤/柔軟剤,13/154,
1313,旅行用品,13/154,
1314,防災関連グッズ,13/154,
1315,その他,13/154,
1316,雑貨,13/155,
1317,工芸品,13/155,
1318,家具,13/155,
1319,印刷物,13/155,
1320,その他,13/155,
1321,筆記具,13/156,
1322,ノート/メモ帳,13/156,
1323,テープ/マスキングテープ,13/156,
1324,カレンダー/スケジュール,13/156,
1325,アルバム/スクラップ,13/156,
1326,ファイル/バインダー,13/156,
1327,はさみ/カッター,13/156,
1328,カードホルダー/名刺管理,13/156,
1329,のり/ホッチキス,13/156,
1330,その他,13/156,
1331,オフィス用品一般,13/157,
1332,オフィス家具,13/157,
1333,店舗用品,13/157,
1334,OA機器,13/157,
1335,ラッピング/包装,13/157,
1336,その他,13/157,
1337,その他,13/158,